{
  "sparse_wing": {
    "avg_top1": 0.7999995402513381,
    "count": 60,
    "avg_gap": 0.050000076624777
  },
  "dense_wing": {
    "avg_top1": 0.15000053637343932,
    "count": 60,
    "avg_gap": 0.10000000000000002
  },
  "moving_wing": {
    "avg_top1": 0.20704785727401906,
    "count": 132,
    "avg_gap": 0.1
  }
}