{
  "sparse_wing": {
    "avg_top1": 0.7999999999999995,
    "count": 150,
    "avg_gap": 0.0500000000000001
  },
  "dense_wing": {
    "avg_top1": 0.15000000000000105,
    "count": 150,
    "avg_gap": 0.10000000000000002
  },
  "moving_wing": {
    "avg_top1": 0.2070478572739718,
    "count": 330,
    "avg_gap": 0.1
  }
}